{
  "AAU": "Almaden Minerals Ltd. Common Shares",
  "ACAQ": "Athena Consumer Acquisition Corp. Class A Common Stock",
  "ACU": "Acme United Corporation. Common Stock",
  "ADEX": "Adit EdTech Acquisition Corp. Common Stock",
  "ADRT": "Ault Disruptive Technologies Corporation Common Stock",
  "AE": "Adams Resources & Energy Inc. Common Stock",
  "AEF": "abrdn Emerging Markets Equity Income Fund Inc. Common Stock",
  "AGE": "AgeX Therapeutics Inc. Common Stock",
  "AIM": "AIM ImmunoTech Inc. Common Stock",
  "AINC": "Ashford Inc. (Holding Company) Common Stock",
  "AIRI": "Air Industries Group Common Stock",
  "AMBI": "Ambipar Emergency Response Class A Ordinary Shares",
  "AMBO": "Ambow Education Holding Ltd. American Depository Shares each representing two Class A ordinary shares",
  "AMPE": "Ampio Pharmaceuticals Inc.",
  "AMS": "American Shared Hospital Services Common Stock",
  "APT": "Alpha Pro Tech Ltd. Common Stock",
  "AREN": "The Arena Group Holdings Inc. Common Stock",
  "ARMP": "Armata Pharmaceuticals Inc. Common Stock",
  "ASM": "Avino Silver & Gold Mines Ltd. Common Shares (Canada)",
  "ASXC": "Asensus Surgical Inc. Common Stock",
  "ATNM": "Actinium Pharmaceuticals Inc. (Delaware) Common Stock",
  "AULT": "Ault Alliance Inc. Common Stock",
  "AULT^D": "Ault Alliance Inc. 13.00% Series D Cumulative Redeemable Perpetual Preferred Stock",
  "AUMN": "Golden Minerals Company Common Stock",
  "AUST": "Austin Gold Corp. Common Shares",
  "AWX": "Avalon Holdings Corporation Common Stock",
  "BACA": "Berenson Acquisition Corp. I Class A Common Stock",
  "BATL": "Battalion Oil Corporation Common Stock",
  "BCV": "Bancroft Fund Ltd.",
  "BCV^A": "Bancroft Fund Limited 5.375% Series A Cumulative Preferred Shares",
  "BDL": "Flanigan's Enterprises Inc. Common Stock",
  "BGI": "Birks Group Inc. Common Stock",
  "BHB": "Bar Harbor Bankshares Inc. Common Stock",
  "BHM": "Bluerock Homes Trust Inc. Class A Common Stock",
  "BITE": "Bite Acquisition Corp. Common Stock",
  "BKTI": "BK Technologies Corporation Common Stock",
  "BLUA": "BlueRiver Acquisition Corp. Class A Ordinary Shares",
  "BMTX": "BM Technologies Inc. Common Stock",
  "BRBS": "Blue Ridge Bankshares Inc. Common Stock",
  "BRN": "Barnwell Industries Inc. Common Stock",
  "BTG": "B2Gold Corp Common shares (Canada)",
  "BTTR": "Better Choice Company Inc. Common Stock",
  "BURU": "Nuburu Inc. Common Stock",
  "CANF": "Can-Fite Biopharma Ltd Sponsored ADR (Israel)",
  "CATX": "Perspective Therapeutics Inc. Common Stock",
  "CCEL": "Cryo-Cell International Inc. Common Stock",
  "CCF": "Chase Corporation Common Stock",
  "CEI": "Camber Energy Inc. Common Stock",
  "CET": "Central Securities Corporation Common Stock",
  "CEV": "Eaton Vance California Municipal Income Trust Shares of Beneficial Interest",
  "CHAA": "Catcha Investment Corp. Class A Ordinary Shares",
  "CIK": "Credit Suisse Asset Management Income Fund Inc. Common Stock",
  "CIX": "CompX International Inc. Common Stock",
  "CKX": "CKX Lands Inc. Common Stock",
  "CLM": "Cornerstone Strategic Value Fund Inc. New Common Stock",
  "CMCL": "Caledonia Mining Corporation Plc Common Shares",
  "CMT": "Core Molding Technologies Inc Common Stock",
  "COHN": "Cohen & Company Inc.",
  "CPHI": "China Pharma Holdings Inc. Common Stock",
  "CQP": "Cheniere Energy Partners LP Cheniere Energy Partners LP Common Units",
  "CRF": "Cornerstone Total Return Fund Inc. (The) Common Stock",
  "CTGO": "Contango ORE Inc. Common Stock",
  "CTM": "Castellum Inc. Common Stock",
  "CVM": "Cel-Sci Corporation Common Stock",
  "CVR": "Chicago Rivet & Machine Co. Common Stock",
  "CVU": "CPI Aerostructures Inc. Common Stock",
  "CYBN": "Cybin Inc. Common Shares",
  "DC": "Dakota Gold Corp. Common Stock",
  "DHY": "Credit Suisse High Yield Bond Fund Common Stock",
  "DIT": "AMCON Distributing Company Common Stock",
  "DLA": "Delta Apparel Inc. Common Stock",
  "DMF": "BNY Mellon Municipal Income Inc. Common Stock",
  "DMYY": "dMY Squared Technology Group Inc. Class A Common Stock",
  "DNN": "Denison Mines Corp Ordinary Shares (Canada)",
  "DPSI": "DecisionPoint Systems Inc. Common Stock",
  "DSS": "DSS Inc. Common Stock",
  "DXF": "Dunxin Financial Holdings Limited American Depositary Shares",
  "EAD": "Allspring Income Opportunities Fund Common Shares",
  "ECF": "Ellsworth Growth and Income Fund Ltd.",
  "ECF^A": "Ellsworth Growth and Income Fund Ltd. 5.25% Series A Cumulative Preferred Shares (Liquidation Preference $25.00 per share)",
  "EFSH": "1847 Holdings LLC Common Shares",
  "EIM": "Eaton Vance Municipal Bond Fund Common Shares of Beneficial Interest $.01 par value",
  "ELA": "Envela Corporation Common Stock",
  "ELLO": "Ellomay Capital Ltd Ordinary Shares (Israel)",
  "ELMD": "Electromed Inc. Common Stock",
  "EMAN": "eMagin Corporation Common Stock",
  "EMX": "EMX Royalty Corporation Common Shares (Canada)",
  "ENSV": "Enservco Corporation Common Stock",
  "ENX": "Eaton Vance New York Municipal Bond Fund Common Shares of Beneficial Interest $.01 par value",
  "EP": "Empire Petroleum Corporation Common Stock",
  "EPM": "Evolution Petroleum Corporation Inc. Common Stock",
  "EQX": "Equinox Gold Corp. Common Shares",
  "ERC": "Allspring Multi-Sector Income Fund Common Stock",
  "ERH": "Allspring Utilities and High Income Fund Common Shares",
  "ESP": "Espey Mfg. & Electronics Corp. Common Stock",
  "EU": "enCore Energy Corp. Common Shares",
  "EVBN": "Evans Bancorp Inc. Common Stock",
  "EVI": "EVI Industries Inc.  Common Stock",
  "EVM": "Eaton Vance California Municipal Bond Fund Common Shares of Beneficial Interest $.01 par value",
  "EVV": "Eaton Vance Limited Duration Income Fund Common Shares of Beneficial Interest",
  "FAX": "abrdn Asia-Pacific Income Fund Inc. Common Stock",
  "FCO": "abrdn Global Income Fund Inc. Common Stock",
  "FEN": "First Trust Energy Income and Growth Fund",
  "FGH": "FG Group Holdings Inc. Common Stock",
  "FOXO": "FOXO Technologies Inc. Class A Common Stock",
  "FRD": "Friedman Industries Inc. Common Stock",
  "FSI": "Flexible Solutions International Inc. Common Stock (CDA)",
  "FSP": "Franklin Street Properties Corp. Common Stock",
  "FTF": "Franklin Limited Duration Income Trust Common Shares of Beneficial Interest",
  "FURY": "Fury Gold Mines Limited Common Shares",
  "GAU": "Galiano Gold Inc.",
  "GBR": "New Concept Energy Inc Common Stock",
  "GENC": "Gencor Industries Inc. Common Stock",
  "GGN": "GAMCO Global Gold Natural Resources & Income Trust",
  "GGN^B": "GAMCO Global Gold Natural Reources & Income Trust 5.00% Series B Cumulative 25.00 Liquidation Preference",
  "GLDG": "GoldMining Inc. Common Shares",
  "GLO": "Clough Global Opportunities Fund Common Stock",
  "GLQ": "Clough Global Equity Fund Clough Global Equity Fund Common Shares of Beneficial Interest",
  "GLTA": "Galata Acquisition Corp. Class A Ordinary Shares",
  "GLU": "Gabelli Global Utility Common Shares of Beneficial Ownership",
  "GLV": "Clough Global Dividend and Income Fund Common Shares of beneficial interest",
  "GNS": "Genius Group Limited Ordinary Shares",
  "GORO": "Gold Resource Corporation Common Stock",
  "GRF": "Eagle Capital Growth Fund Inc. Common Stock",
  "GRFX": "Graphex Group Limited American Depositary Shares each American Depositary Share representing 20 Ordinary Shares",
  "GROY": "Gold Royalty Corp. Common Shares",
  "GSAT": "Globalstar Inc. Common Stock",
  "GTE": "Gran Tierra Energy Inc. Common Stock",
  "HNRA": "HNR Acquisition Corp Common Stock",
  "HNW": "Pioneer Diversified High Income Fund Inc.",
  "HUSA": "Houston American Energy Corporation Common Stock",
  "HWM^": "Howmet Aerospace Inc. $3.75 Preferred Stock",
  "HZON": "Horizon Acquisition Corporation II Class A Ordinary Shares",
  "IAF": "abrdn Australia Equity Fund Inc. Common Stock",
  "IAUX": "i-80 Gold Corp. Common Shares",
  "IBIO": "iBio Inc. Common Stock",
  "ID": "PARTS iD Inc. Class A Common Stock",
  "IDR": "Idaho Strategic Resources Inc. Common Stock",
  "IDW": "IDW Media Holdings Class B Common Stock",
  "IE": "Ivanhoe Electric Inc. Common Stock",
  "IGC": "IGC Pharma Inc. Common Stock",
  "IHT": "InnSuites Hospitality Trust Shares of Beneficial Interest",
  "IMH": "Impac Mortgage Holdings Inc. Common Stock ",
  "IMO": "Imperial Oil Limited Common Stock",
  "INDO": "Indonesia Energy Corporation Limited Ordinary Shares",
  "INFU": "InfuSystems Holdings Inc. Common Stock",
  "INLX": "Intellinetics Inc. Common Stock",
  "INTT": "inTest Corporation Common Stock",
  "INUV": "Inuvo Inc.",
  "IOR": "Income Opportunity Realty Investors Inc. Common Stock",
  "IPVF": "InterPrivate III Financial Partners Inc. Class A Common Stock",
  "ISDR": "Issuer Direct Corporation Common Stock",
  "ITP": "IT Tech Packaging Inc. Common Stock",
  "ITRG": "Integra Resources Corp. Common Shares",
  "JOB": "GEE Group Inc. Common Stock",
  "JWSM": "Jaws Mustang Acquisition Corp. Class A Ordinary Shares",
  "KIQ": "Kelso Technologies Inc Ordinary Shares",
  "KNW": "Know Labs Inc. Common Stock",
  "KULR": "KULR Technology Group Inc. Common Stock",
  "LCTX": "Lineage Cell Therapeutics Inc. Common Stock",
  "LEU": "Centrus Energy Corp. Class A Common Stock",
  "LGL": "LGL Group Inc. (The) Common Stock",
  "LNG": "Cheniere Energy Inc. Common Stock",
  "LODE": "Comstock Inc. Common Stock",
  "LPTV": "Loop Media Inc. Common Stock",
  "LSF": "Laird Superfood Inc. Common Stock",
  "LXFR": "Luxfer Holdings PLC Ordinary Shares",
  "MAG": "MAG Silver Corporation Ordinary Shares",
  "MAIA": "MAIA Biotechnology Inc. Common Stock",
  "MGLD": "The Marygold Companies Inc. Common Stock",
  "MHH": "Mastech Digital Inc Common Stock",
  "MIMO": "Airspan Networks Holdings Inc. Common Stock",
  "MITQ": "Moving iMage Technologies Inc. Common Stock",
  "MLSS": "Milestone Scientific Inc. Common Stock",
  "MNK": "Mallinckrodt plc Ordinary Shares",
  "MPTI": "M-tron Industries Inc. Common Stock",
  "MPU": "Mega Matrix Corp. Common Stock",
  "MSN": "Emerson Radio Corporation Common Stock",
  "MTA": "Metalla Royalty & Streaming Ltd. Common Shares",
  "MTNB": "Matinas Biopharma Holdings Inc. Common Stock",
  "MWG": "Multi Ways Holdings Limited Ordinary Shares",
  "MXC": "Mexco Energy Corporation Common Stock",
  "MYO": "Myomo Inc. Common Stock",
  "NAK": "Northern Dynasty Minerals Ltd. Common Stock",
  "NAVB": "Navidea Biopharmaceuticals Inc. Common Stock",
  "NBH": "Neuberger Berman Municipal Fund Inc. Common Stock",
  "NBO": "Neuberger Berman New York Municipal Fund Inc. Common Stock",
  "NBW": "Neuberger Berman California Municipal Fund Inc Common Stock",
  "NBY": "NovaBay Pharmaceuticals Inc. Common Stock",
  "NEN": "New England Realty Associates Limited Partnership Class A Depositary Receipts Evidencing Units of Limited Partnership",
  "NEWP": "New Pacific Metals Corp. Common Shares",
  "NFGC": "New Found Gold Corp Common Shares",
  "NG": "Novagold Resources Inc.",
  "NGD": "New Gold Inc.",
  "NHC": "National HealthCare Corporation Common Stock",
  "NHS": "Neuberger Berman High Yield Strategies Fund",
  "NHWK": "NightHawk Biosciences Inc. Common Stock",
  "NML": "Neuberger Berman MLP and Energy Income Fund Inc. Common Stock",
  "NNVC": "NanoViricides Inc. Common Stock",
  "NRO": "Neuberger Berman Real Estate Securities Income Fund Inc. Neuberger Berman Real Estate Securities Income Fund Inc.",
  "NSTB": "Northern Star Investment Corp. II Class A Common stock",
  "NTIP": "Network-1 Technologies Inc. Common Stock",
  "OBE": "Obsidian Energy Ltd. Common Shares",
  "OGEN": "Oragenics Inc. Common Stock",
  "OPTT": "Ocean Power Technologies Inc. Common Stock",
  "ORLA": "Orla Mining Ltd. Common Shares",
  "OZ": "Belpointe PREP LLC Class A Units",
  "PCG^A": "Pacific Gas & Electric Co. 6% Preferred Stock",
  "PCG^B": "Pacific Gas & Electric Co. 5 1/2% Preferred Stock",
  "PCG^C": "Pacific Gas & Electric Co. 5% 1st Preferred Stock",
  "PCG^D": "Pacific Gas & Electric Co. 5% 1st  Red. Preferred Stock",
  "PCG^E": "Pacific Gas & Electric Co. 5% 1st A Preferred Stock",
  "PCG^G": "Pacific Gas & Electric Co. 4.80% 1st Preferred Stock",
  "PCG^H": "Pacific Gas & Electric Co. 4.50% 1st Preferred Stock",
  "PCG^I": "Pacific Gas & Electric Co. 4.36% 1st Preferred Stock",
  "PED": "Pedevco Corp. Common Stock",
  "PHGE": "BiomX Inc. COmmon Stock",
  "PLAG": "Planet Green Holdings Corp. Common Stock",
  "PLG": "Platinum Group Metals Ltd. Ordinary Shares (Canada)",
  "PLM": "Polymet Mining Corporation Ordinary Shares (Canada)",
  "PLX": "Protalix BioTherapeutics Inc. (DE) Common Stock",
  "PLYM^A": "Plymouth Industrial REIT Inc. 7.50% Series A Cumulative Redeemable Preferred Stock",
  "POL": "Polished Inc. Common Stock",
  "PRK": "Park National Corporation Common Stock",
  "PTN": "Palatin Technologies Inc. Common Stock",
  "PW": "Power REIT (MD) Common Stock",
  "PW^A": "Power REIT 7.75% Series A Cumulative Perpetual Preferred Stock",
  "PZG": "Paramount Gold Nevada Corp. Common Stock",
  "RCG": "RENN Fund Inc Common Stock",
  "REI": "Ring Energy Inc. Common Stock",
  "REPX": "Riley Exploration Permian Inc. Common Stock",
  "RHE": "Regional Health Properties Inc. Common Stock",
  "RHE^A": "Regional Health Properties Inc. 10.875% Series A Cumulative Redeemable Preferred Stock",
  "RLGT": "Radiant Logistics Inc. Common Stock",
  "RMED": "Ra Medical Systems Inc. Common Stock",
  "RVP": "Retractable Technologies Inc. Common Stock",
  "SACC": "Sachem Capital Corp. 6.875% Notes due 2024",
  "SACH": "Sachem Capital Corp. Common Shares",
  "SACH^A": "Sachem Capital Corp. 7.75% Series A Cumulative Redeemable Preferred Stock",
  "SATX": "SatixFy Communications Ltd. Ordinary Share",
  "SBEV": "Splash Beverage Group Inc. (NV) Common Stock",
  "SCCB": "Sachem Capital Corp. 7.125% Notes due 2024",
  "SCCC": "Sachem Capital Corp. 7.75% Notes due 2025",
  "SCCD": "Sachem Capital Corp. 6.00% Notes due 2026",
  "SCCE": "Sachem Capital Corp. 6.00% Notes due 2027",
  "SCCF": "Sachem Capital Corp. 7.125% Notes due 2027",
  "SCCG": "Sachem Capital Corp. 8.00% Notes due 2027",
  "SDPI": "Superior Drilling Products Inc. Common Stock",
  "SEB": "Seaboard Corporation Common Stock",
  "SENS": "Senseonics Holdings Inc. Common Stock",
  "SIF": "SIFCO Industries Inc. Common Stock",
  "SILV": "SilverCrest Metals Inc. Common Shares",
  "SIM": "Grupo Simec S.A.B. de C.V. American Depositary Shares",
  "SKYH": "Sky Harbour Group Corporation Class A Common Stock",
  "SLI": "Standard Lithium Ltd. Common Shares",
  "SLND": "Southland Holdings Inc. Common Stock",
  "SNMP": "Evolve Transition Infrastructure LP Common Stock",
  "SSY": "SunLink Health Systems Inc. Common Stock",
  "STRW": "Strawberry Fields REIT Inc. Common Stock",
  "STXS": "Stereotaxis Inc. Common Stock",
  "SVM": "Silvercorp Metals Inc. Common Shares",
  "SVT": "Servotronics Inc. Common Stock",
  "TELL": "Tellurian Inc. Common Stock",
  "TELZ": "Tellurian Inc. 8.25% Senior Notes due 2028",
  "TGB": "Taseko Mines Ltd. Common Stock",
  "THM": "International Tower Hill Mines Ltd. Ordinary Shares (Canada)",
  "TKAT": "Takung Art Co. Ltd. Common Stock",
  "TMBR": "Timber Pharmaceuticals Inc. Common Stock",
  "TMP": "Tompkins Financial Corporation Common Stock",
  "TMQ": "Trilogy Metals Inc. Common Stock",
  "TOVX": "Theriva Biologics Inc. Common Stock",
  "TPET": "Trio Petroleum Corp. Common Stock",
  "TPHS": "Trinity Place Holdings Inc. Common Stock",
  "TRT": "Trio-Tech International Common Stock",
  "TRX": "TRX Gold Corporation Common Stock",
  "UAMY": "United States Antimony Corporation Common Stock",
  "UAVS": "AgEagle Aerial Systems Inc. Common Stock",
  "UEC": "Uranium Energy Corp. Common Stock",
  "UFAB": "Unique Fabricating Inc. Common Stock",
  "URG": "Ur Energy Inc Common Shares (Canada)",
  "USAS": "Americas Gold and Silver Corporation Common Shares no par value",
  "UTG": "Reaves Utility Income Fund Common Shares of Beneficial Interest",
  "UUU": "Universal Security Instruments Inc. Common Stock",
  "UUUU": "Energy Fuels Inc Ordinary Shares (Canada)",
  "VFL": "Delaware Investments National Municipal Income Fund Common Stock",
  "VGZ": "Vista Gold Corp Common Stock",
  "VHAQ": "Viveon Health Acquisition Corp. Common Stock",
  "VINE": "Fresh Vine Wine Inc. Common Stock",
  "VKI": "Invesco Advantage Municipal Income Trust II Common Shares of Beneficial Interest (DE)",
  "VNRX": "VolitionRX Limited Common Stock",
  "VZLA": "Vizsla Silver Corp. Common Shares",
  "WLMS": "Williams Industrial Services Group Inc. Common Stock",
  "WRAC": "Williams Rowland Acquisition Corp. Common Stock",
  "WRN": "Western Copper and Gold Corporation Common Stock",
  "WTT": "Wireless Telecom Group  Inc. Common Stock",
  "WWR": "Westwater Resources Inc. Common Stock",
  "WYY": "WidePoint Corporation Common Stock",
  "XPL": "Solitario Zinc Corp. Common Stock",
  "XTNT": "Xtant Medical Holdings Inc. Common Stock",
  "YCBD": "cbdMD Inc. Common Stock",
  "YCBD^A": "cbdMD Inc. 8.0% Series A Cumulative Convertible Preferred Stock",
  "ZDGE": "Zedge Inc. Class B Common Stock ",
  "ZOM": "Zomedica Corp. Common Shares",
  "SOXL":"Direxion Daily Semiconductor Bull 3X Shares"
}